meanenergy,meanenergy_err,crosssection,crosssection_err
88.47630310058594,0.006001705476162202,0.21454333854078472,0.02009582963764208
89.46658325195312,0.005899900374343217,0.4524907984853047,0.024705944536650568
90.21985626220703,0.002172254279301853,0.80366269985907,0.03298239497804286
91.2291030883789,0.01806515905740896,1.0930067107950583,0.01981952144886681
91.96427917480469,0.0041821825074932015,0.6431855832318867,0.033756037624954265
92.96228790283203,0.0014774985241861594,0.18411637978532586,0.027329932504453334
93.713623046875,0.0024107556762633427,0.12053299615573872,0.020591883912415683
