meanenergy,meanenergy_err,crosssection,crosssection_err
88.47630310058594,0.006001705476162202,0.12454333854078474,0.02009582963764208
89.46658325195312,0.005899900374343217,0.2524907984853047,0.024705944536650568
90.21985626220703,0.002172254279301853,0.44366269985907003,0.03298239497804286
91.2291030883789,0.01806515905740896,0.5730067107950584,0.01981952144886681
91.96427917480469,0.0041821825074932015,0.42318558323188665,0.033756037624954265
92.96228790283203,0.0014774985241861594,0.19411637978532587,0.027329932504453334
93.713623046875,0.0024107556762633427,0.20053299615573872,0.020591883912415683
