meanenergy,meanenergy_err,crosssection,crosssection_err
88.47630310058594,0.006000816489381318,3.5669082207425387,0.11476219398876597
89.46658325195312,0.00589594570691156,3.909620286500945,0.10564444464897677
90.21985626220703,0.0021733488586381674,4.195989038275079,0.11036796906285308
91.2291030883789,0.018072383374152814,4.3347333063152576,0.06711084315822123
91.96427917480469,0.004182508410379699,3.6040903587186484,0.10551026201611949
92.96228790283203,0.0014771312155623649,2.7506140482920136,0.1076932726820388
93.713623046875,0.0024097868277697773,2.719201378242208,0.08100703231735479
