meanenergy,meanenergy_err,crosssection,crosssection_err
88.47630310058594,0.006001705476162202,7.306608129125045,0.12967104087160067
89.46658325195312,0.005899900374343217,14.384483639597729,0.17145105923114096
90.21985626220703,0.002172254279301853,25.81835100218651,0.26033372995145726
91.2291030883789,0.01806515905740896,41.474039332084125,0.2932707319553398
91.96427917480469,0.0041821825074932015,29.43668613110466,0.34188841452559504
92.96228790283203,0.0014774985241861594,14.100964317204175,0.2632913441587559
93.713623046875,0.0024107556762633427,8.474479687813323,0.1640054775861319
