meanenergy,meanenergy_err,crosssection,crosssection_err
88.47630310058594,0.006000816489381318,5.305649673695178,0.12965734654235392
89.46658325195312,0.00589594570691156,10.083465387397437,0.1714395868429645
90.21985626220703,0.0021733488586381674,18.117306244388672,0.26032269139414843
91.2291030883789,0.018072383374152814,30.672991956978773,0.293261727478216
91.96427917480469,0.004182508410379699,24.735800473843362,0.3418789701808485
92.96228790283203,0.0014771312155623649,14.30025251321021,0.2632824157057573
93.713623046875,0.0024097868277697773,10.073778416603137,0.16399771854788553
