meanenergy,meanenergy_err,crosssection,crosssection_err
88.47630310058594,0.006001705476162202,0.2970129736368463,0.02497957816448146
89.46658325195312,0.005899900374343217,0.6839717676412712,0.03307774093000758
90.21985626220703,0.002172254279301853,1.2483961666572856,0.045323400734453546
91.2291030883789,0.01806515905740896,2.0029207466062253,0.032162873974724546
91.96427917480469,0.0041821825074932015,1.428980955868848,0.055776792789868045
92.96228790283203,0.0014774985241861594,0.633764195706839,0.048265125483319085
93.713623046875,0.0024107556762633427,0.38400068668227905,0.03033336409731032
