meanenergy,meanenergy_err,crosssection,crosssection_err
88.47630310058594,0.006000816489381318,0.20807342031322534,0.025040614651468673
89.46658325195312,0.00589594570691156,0.48504562883215224,0.03311320736324531
90.21985626220703,0.0021733488586381674,0.8894169174619451,0.04534903557851871
91.2291030883789,0.018072383374152814,1.4838862901303909,0.0321742959204047
91.96427917480469,0.004182508410379699,1.2098240751681104,0.05579615974105235
92.96228790283203,0.0014771312155623649,0.6445058533555155,0.048292058320569375
93.713623046875,0.0024097868277697773,0.4647281924932153,0.03035639930612566
