meanenergy,meanenergy_err,crosssection,crosssection_err
88.47630310058594,0.006001705476162202,0.4259132325505459,0.03882339633517571
89.46658325195312,0.005899900374343217,0.7376401359206941,0.04260691368391555
90.21985626220703,0.002172254279301853,1.1431615761571783,0.052102135679004305
91.2291030883789,0.01806515905740896,1.8347771756564404,0.03840464614722787
91.96427917480469,0.0041821825074932015,1.3255823502882496,0.06535799248686307
92.96228790283203,0.0014774985241861594,0.6963239045927527,0.06174698118706531
93.713623046875,0.0024107556762633427,0.3981502950145166,0.03766118446224139
