meanenergy,meanenergy_err,crosssection,crosssection_err
88.47630310058594,0.006000816489381318,0.30098677356651715,0.03679195833243739
89.46658325195312,0.00589594570691156,0.5022718617082491,0.041219608672028264
90.21985626220703,0.0021733488586381674,0.7495425249535973,0.05100818874489198
91.2291030883789,0.018072383374152814,1.2829764099553094,0.03797962521435688
91.96427917480469,0.004182508410379699,1.0778137012083393,0.06454728756197632
92.96228790283203,0.0014771312155623649,0.6818969569454224,0.060681798460393434
93.713623046875,0.0024097868277697773,0.4541894467867979,0.03672828701964163
